-3.5,-40.5,0.051278558
-3.5,-41.0,0.04705141
-3.5,-41.5,0.043125533
-3.5,-42.0,0.039484017
-3.5,-42.5,0.03611047
-3.5,-43.0,0.03298906
-3.5,-43.5,0.030104522
-3.5,-44.0,0.027442176
-3.5,-44.5,0.024987932
-3.5,-45.0,0.022728307
-3.5,-45.5,0.020650418
-3.5,-46.0,0.018741986
-3.5,-46.5,0.016991328
-3.0,-38.5,0.084745735
-3.0,-39.0,0.07816411
-3.0,-39.5,0.072014816
-3.0,-40.0,0.06627677
-3.0,-40.5,0.060929243
-3.0,-46.5,0.020386776
-3.0,-47.0,0.018477272
-3.0,-47.5,0.016728316
-3.0,-48.0,0.015128348
-3.0,-48.5,0.013666454
-2.5,-36.5,0.13645731
-2.5,-37.0,0.1265141
-2.5,-37.5,0.1171672
-2.5,-38.0,0.10839223
-2.5,-48.5,0.016417434
-2.5,-49.0,0.014826791
-2.5,-49.5,0.013375624
-2.0,-35.0,0.19951124
-2.0,-35.5,0.18573217
-2.0,-36.0,0.17271572
-2.0,-36.5,0.16043593
-2.0,-49.5,0.016061516
-2.0,-50.0,0.014485419
-2.0,-50.5,0.0130497
-1.5,-33.0,0.3065439
-1.5,-33.5,0.28685674
-1.5,-34.0,0.26814052
-1.5,-34.5,0.2503715
-1.5,-35.0,0.23352438
-1.5,-50.5,0.015663762
-1.5,-51.0,0.014107275
-1.5,-51.5,0.012691566
-1.0,-31.5,0.4316581
-1.0,-32.0,0.4055925
-1.0,-32.5,0.3806843
-1.0,-33.0,0.35691515
-1.0,-51.5,0.015227681
-1.0,-52.0,0.013695675
-0.5,-29.5,0.6328657
-0.5,-30.0,0.5977427
-0.5,-30.5,0.56395173
-0.5,-31.0,0.5314894
-0.5,-31.5,0.5003481
-0.5,-52.0,0.016412415
-0.5,-52.5,0.014757056
-0.5,-53.0,0.013254152
0.0,0.0,2.9148922
0.0,-28.0,0.85829276
0.0,-28.5,0.8139838
0.0,-29.0,0.77111834
0.0,-29.5,0.7297118
0.0,-53.0,0.015876839
0.0,-53.5,0.014255874
0.5,0.0,3.1972492
0.5,-27.0,1.090045
0.5,-27.5,1.0368772
0.5,-28.0,0.9852246
0.5,-53.5,0.017055968
0.5,-54.0,0.015310303
1.0,0.5,3.4616826
1.0,0.0,3.499841
1.0,-26.0,1.3710735
1.0,-26.5,1.3081161
1.0,-27.0,1.2466853
1.0,-54.0,0.018295182
1.0,-54.5,0.016418057
1.5,0.5,3.7785425
1.5,-25.0,1.7079867
1.5,-25.5,1.6344539
1.5,-26.0,1.562377
1.5,-54.5,0.019594995
1.5,-55.0,0.017579552
2.0,0.5,4.116037
2.0,-24.5,2.0225835
2.0,-25.0,1.9391983
2.0,-55.0,0.020955674
2.0,-55.5,0.018794978
2.5,1.0,4.410198
2.5,0.5,4.474577
2.5,-23.5,2.4788349
2.5,-24.0,2.3837793
2.5,-55.5,0.022377219
2.5,-56.0,0.020064296
3.0,1.0,4.7807508
3.0,-23.0,2.9021325
3.0,-23.5,2.7961679
3.0,-56.0,0.023859352
3.0,-56.5,0.021387205
3.5,1.0,5.1719217
3.5,-22.0,3.499257
3.5,-22.5,3.3816175
3.5,-23.0,3.2643607
3.5,-56.5,0.025401492
4.0,1.0,5.583746
4.0,-21.5,4.0503554
4.0,-22.0,3.9216552
4.0,-56.5,0.030108022
4.0,-57.0,0.027002739
4.5,1.5,5.9038844
4.5,1.0,6.0161295
4.5,-20.5,4.8047323
4.5,-21.0,4.666036
4.5,-21.5,4.52639
4.5,-57.0,0.031966954
4.5,-57.5,0.028661866
5.0,1.5,6.342999
5.0,-20.0,5.498373
5.0,-20.5,5.3498387
5.0,-57.5,0.03388975
5.5,1.5,6.8009458
5.5,-19.5,6.262343
5.5,-20.0,6.1047935
5.5,-57.5,0.039989877
5.5,-58.0,0.035874303
6.0,1.5,7.277158
6.0,-19.0,7.0986733
6.0,-19.5,6.933283
6.0,-58.0,0.042280063
6.0,-58.5,0.037918106
6.5,2.0,7.592895
6.5,1.5,7.770915
6.5,-18.5,8.0085745
6.5,-19.0,7.8369045
6.5,-58.5,0.044634353
7.0,2.0,8.085055
7.0,-18.0,8.992303
7.0,-18.5,8.816331
7.0,-58.5,0.052433603
7.0,-59.0,0.04704905
7.5,2.0,8.591649
7.5,-17.5,10.049034
7.5,-18.0,9.871176
7.5,-59.0,0.055202886
8.0,2.0,9.111459
8.0,-17.5,10.999872
8.0,-59.0,0.06463839
8.5,2.5,9.381384
8.5,2.0,9.643111
8.5,-17.0,12.199559
8.5,-17.5,12.01625
8.5,-59.0,0.07553306
8.5,-59.5,0.067867376
9.0,2.5,9.900599
9.0,-16.5,13.465993
9.0,-17.0,13.288954
9.0,-59.5,0.07920965
9.5,2.5,10.427349
9.5,-16.0,14.793482
9.5,-16.5,14.626838
9.5,-59.5,0.0922599
10.0,2.5,10.959842
10.0,-16.0,16.02315
10.0,-59.5,0.10724219
10.0,-60.0,0.096487805
10.5,3.0,11.135683
10.5,2.5,11.496155
10.5,-15.5,17.46961
10.5,-60.0,0.11202
11.0,3.0,11.64744
11.0,-15.0,18.956423
11.0,-15.5,18.829737
11.0,-60.0,0.1297886
11.5,3.0,12.157999
11.5,-15.0,20.374315
11.5,-60.0,0.15007052
12.0,3.0,12.665192
12.0,-14.5,21.941168
12.0,-15.0,21.853846
12.0,-60.0,0.17316976
12.5,3.0,13.166777
12.5,-14.0,23.5166
12.5,-14.5,23.467688
12.5,-60.0,0.19941902
12.5,-60.5,0.17995393
13.0,3.0,13.660458
13.0,-14.0,25.081347
13.0,-60.5,0.206979
13.5,3.5,13.618915
13.5,-13.5,26.679005
13.5,-14.0,26.695967
13.5,-60.5,0.23757957
14.0,3.5,14.060863
14.0,-13.5,28.315903
14.0,-60.5,0.27215087
14.5,3.5,14.487709
14.5,-13.0,29.891909
14.5,-13.5,29.992311
14.5,-60.5,0.31112018
15.0,3.5,14.897241
15.0,-13.0,31.571808
15.0,-27.0,23.462536
15.0,-27.5,22.849798
15.0,-28.0,22.228737
15.0,-28.5,21.600918
15.0,-29.0,20.967884
15.0,-29.5,20.331154
15.0,-30.0,19.692207
15.0,-30.5,19.052494
15.0,-31.0,18.41341
15.0,-31.5,17.77631
15.0,-32.0,17.142494
15.0,-32.5,16.513208
15.0,-33.0,15.889633
15.0,-33.5,15.272893
15.0,-34.0,14.664044
15.0,-34.5,14.064076
15.0,-35.0,13.473912
15.0,-35.5,12.894402
15.0,-36.0,12.326327
15.0,-36.5,11.7704
15.0,-37.0,11.22726
15.0,-37.5,10.697476
15.0,-38.0,10.18155
15.0,-60.5,0.3549478
15.5,3.5,15.287289
15.5,-13.0,33.27855
15.5,-25.5,27.14436
15.5,-26.0,26.543886
15.5,-26.5,25.928322
15.5,-38.0,11.176409
15.5,-38.5,10.634385
15.5,-39.0,10.107587
15.5,-39.5,9.596385
15.5,-60.5,0.40412775
16.0,3.5,15.655745
16.0,-12.5,34.766376
16.0,-24.5,30.323244
16.0,-25.0,29.74151
16.0,-25.5,29.139048
16.0,-39.5,10.538323
16.0,-40.0,10.002515
16.0,-40.5,9.483571
16.0,-60.5,0.45918813
16.5,3.5,16.000582
16.5,-12.5,36.467888
16.5,-23.5,33.54911
16.5,-24.0,33.00432
16.5,-24.5,32.43288
16.5,-40.5,10.410193
16.5,-41.0,9.867316
16.5,-41.5,9.342526
16.5,-60.5,0.5206915
17.0,3.5,16.319876
17.0,-12.0,37.810486
17.0,-12.5,38.175236
17.0,-23.0,36.273388
17.0,-23.5,35.752407
17.0,-41.5,10.251188
17.0,-42.0,9.703245
17.0,-60.5,0.5892345
17.5,4.0,15.874244
17.5,3.5,16.61182
17.5,-12.0,39.46854
17.5,-22.5,39.03328
17.5,-23.0,38.546017
17.5,-42.0,10.634018
17.5,-42.5,10.062775
17.5,-60.5,0.6654473
17.5,-61.0,0.6047271
18.0,4.0,16.112389
18.0,-12.0,41.115974
18.0,-22.0,41.804417
18.0,-22.5,41.36127
18.0,-42.5,11.014596
18.0,-43.0,10.41997
18.0,-61.0,0.68211156
18.5,4.0,16.320995
18.5,-11.5,42.188004
18.5,-12.0,42.745594
18.5,-21.5,44.56049
18.5,-22.0,44.172184
18.5,-43.0,11.39168
18.5,-43.5,10.773659
18.5,-61.0,0.7678373
19.0,4.0,16.498846
19.0,-11.5,43.736
19.0,-21.5,46.951023
19.0,-43.5,11.763999
19.0,-44.0,11.1226425
19.0,-61.0,0.86258286
19.5,4.0,16.644905
19.5,-11.0,44.537823
19.5,-11.5,45.249287
19.5,-21.5,49.36977
19.5,-44.0,12.130262
19.5,-44.5,11.465704
19.5,-61.0,0.9670531
20.0,4.0,16.758318
20.0,-11.0,45.948635
20.0,-21.0,52.079742
20.0,-21.5,51.808212
20.0,-44.5,12.489166
20.0,-45.0,11.801617
20.0,-61.0,1.081976
20.5,4.0,16.83843
20.5,-11.0,47.30867
20.5,-21.0,54.497517
20.5,-45.0,12.839398
20.5,-45.5,12.129148
20.5,-61.0,1.2080997
21.0,4.0,16.884798
21.0,-11.0,48.610996
21.0,-21.0,56.91247
21.0,-45.5,13.17965
21.0,-46.0,12.447067
21.0,-61.0,1.3461883
21.5,4.0,16.897177
21.5,-10.5,48.85257
21.5,-21.0,59.314632
21.5,-46.0,13.508624
21.5,-61.0,1.4970167
22.0,4.0,16.875546
22.0,-10.5,49.95566
22.0,-20.5,61.749084
22.0,-21.0,61.6937
22.0,-46.0,14.630972
22.0,-46.5,13.825038
22.0,-61.0,1.6613661
22.5,4.0,16.820093
22.5,-10.5,50.981518
22.5,-20.5,64.04488
22.5,-46.5,14.955427
22.5,-47.0,14.127637
22.5,-61.0,1.8400171
23.0,4.0,16.731226
23.0,-10.0,50.70764
23.0,-10.5,51.92468
23.0,-20.5,66.29267
23.0,-47.0,15.264145
23.0,-61.0,2.0337439
23.5,4.5,15.700468
23.5,4.0,16.60956
23.5,-10.0,51.5013
23.5,-20.5,68.48181
23.5,-47.0,16.45862
23.5,-61.0,2.2433057
24.0,4.5,15.5425005
24.0,-10.0,52.20379
24.0,-20.5,70.60173
24.0,-47.0,17.710564
24.0,-47.5,16.752726
24.0,-61.0,2.4694402
24.5,4.5,15.3555565
24.5,-10.0,52.81152
24.5,-20.5,72.64199
24.5,-47.5,18.005072
24.5,-61.0,2.712854
25.0,4.5,15.140855
25.0,-9.5,51.84643
25.0,-10.0,53.321507
25.0,-20.5,74.5924
25.0,-47.5,19.311779
25.0,-61.0,2.9742136
25.0,-61.5,2.7329514
25.5,4.5,14.899783
25.5,-9.5,52.202812
25.5,-20.5,76.443146
25.5,-47.5,20.671299
25.5,-48.0,19.57957
25.5,-61.5,2.992596
26.0,4.5,14.633884
26.0,-9.5,52.45992
26.0,-20.5,78.18484
26.0,-48.0,20.9324
26.0,-61.5,3.2702587
26.5,4.5,14.344848
26.5,-9.5,52.617126
26.5,-20.5,79.80864
26.5,-48.0,22.333305
26.5,-61.5,3.5664322
27.0,4.5,14.0344925
27.0,-9.5,52.674538
27.0,-20.0,80.64164
27.0,-30.0,77.2173
27.0,-30.5,76.17231
27.0,-31.0,75.059586
27.0,-31.5,73.88253
27.0,-32.0,72.64469
27.0,-32.5,71.34976
27.0,-33.0,70.00155
27.0,-33.5,68.60398
27.0,-34.0,67.16105
27.0,-34.5,65.67681
27.0,-48.0,23.779627
27.0,-61.5,3.8815365
27.5,4.5,13.704756
27.5,-9.5,52.63299
27.5,-20.0,81.93011
27.5,-29.0,81.50785
27.5,-29.5,80.64454
27.5,-30.0,79.70348
27.5,-34.5,68.28171
27.5,-35.0,66.75355
27.5,-35.5,65.1885
27.5,-48.0,25.268251
27.5,-48.5,23.985294
27.5,-61.0,4.5694985
27.5,-61.5,4.215909
28.0,4.5,13.357672
28.0,-9.5,52.494087
28.0,-20.0,83.078064
28.0,-28.5,84.56841
28.0,-29.0,83.83043
28.0,-35.5,67.74609
28.0,-36.0,66.138824
28.0,-48.5,25.45573
28.0,-61.0,4.949044
28.5,4.5,12.995365
28.5,-9.5,52.260166
28.5,-20.0,84.08026
28.5,-27.5,87.84341
28.5,-28.0,87.335594
28.5,-36.0,68.65017
28.5,-36.5,67.00225
28.5,-37.0,65.32269
28.5,-48.5,26.961512
28.5,-61.0,5.349239
29.0,4.5,12.620028
29.0,-9.0,50.119358
29.0,-9.5,51.934334
29.0,-20.0,84.93243
29.0,-27.5,89.77519
29.0,-37.0,67.77501
29.0,-37.5,66.05719
29.0,-48.5,28.498438
29.0,-61.0,5.770062
29.5,4.5,12.233904
29.5,-9.0,49.680725
29.5,-20.0,85.63138
29.5,-27.0,91.85708
29.5,-37.5,68.453705
29.5,-48.5,30.061876
29.5,-61.0,6.211362
30.0,4.5,11.839279
30.0,-9.0,49.16255
30.0,-20.0,86.17501
30.0,-26.5,93.55592
30.0,-27.0,93.43581
30.0,-38.0,69.03533
30.0,-49.0,30.129047
30.0,-61.0,6.672845
30.5,4.5,11.4384575
30.5,-9.0,48.570126
30.5,-20.0,86.5624
30.5,-26.5,94.905556
30.5,-38.0,71.308716
30.5,-38.5,69.51728
30.5,-49.0,31.678818
30.5,-61.0,7.1540685
31.0,4.5,11.033752
31.0,-9.0,47.909367
31.0,-20.0,86.79379
31.0,-26.0,95.96154
31.0,-38.5,71.71915
31.0,-39.0,69.89739
31.0,-49.0,33.240746
31.0,-61.0,7.6544323
31.5,4.5,10.62747
31.5,-9.0,47.186783
31.5,-20.0,86.870636
31.5,-25.5,96.59364
31.5,-26.0,96.89889
31.5,-39.0,72.023506
31.5,-49.0,34.80894
31.5,-61.0,8.173174
32.0,4.5,10.221891
32.0,-9.0,46.40942
32.0,-19.5,85.34363
32.0,-20.0,86.79561
32.0,-25.5,97.28063
32.0,-39.0,74.06469
32.0,-39.5,72.22042
32.0,-49.0,36.377193
32.0,-61.0,8.709361
32.5,4.5,9.819267
32.5,-9.0,45.58484
32.5,-19.5,85.06535
32.5,-25.0,97.23464
32.5,-25.5,97.78992
32.5,-39.5,74.17673
32.5,-49.0,37.939007
32.5,-61.0,9.261892
33.0,4.5,9.421798
33.0,-9.0,44.72104
33.0,-19.5,84.648735
33.0,-25.0,97.49435
33.0,-39.5,76.032555
33.0,-40.0,74.1772
33.0,-49.0,39.487633
33.0,-60.5,10.547631
33.0,-61.0,9.829492
33.5,4.5,9.031625
33.5,-9.0,43.826416
33.5,-19.5,84.10039
33.5,-24.5,96.78509
33.5,-25.0,97.57863
33.5,-40.0,75.940384
33.5,-49.0,41.016132
33.5,-60.5,11.162245
34.0,4.5,8.650821
34.0,-8.5,41.05709
34.0,-9.0,42.909695
34.0,-19.5,83.42802
34.0,-24.5,96.63212
34.0,-40.0,77.588974
34.0,-40.5,75.7342
34.0,-49.0,42.517414
34.0,-60.5,11.788701
34.5,4.5,8.28138
34.5,-8.5,40.141594
34.5,-19.0,80.90825
34.5,-19.5,82.64037
34.5,-24.0,95.30359
34.5,-24.5,96.31373
34.5,-40.5,77.28396
34.5,-49.0,43.984287
34.5,-49.5,42.135265
34.5,-60.5,12.425053
35.0,4.5,7.9252057
35.0,-8.5,39.22485
35.0,-19.0,79.98929
35.0,-24.0,94.77149
35.0,-40.5,78.70678
35.0,-41.0,76.86425
35.0,-49.5,43.535793
35.0,-60.5,13.069181
35.5,4.5,7.584107
35.5,-8.5,38.315903
35.5,-19.0,78.981575
35.5,-23.5,92.89512
35.5,-24.0,94.091286
35.5,-41.0,78.183815
35.5,-49.5,44.891678
35.5,-60.5,13.718808
36.0,4.5,7.2597895
36.0,4.0,7.851728
36.0,-8.5,37.42384
36.0,-18.5,76.06556
36.0,-19.0,77.89667
36.0,-23.5,92.03491
36.0,-41.0,79.366165
36.0,-41.5,77.547356
36.0,-49.5,46.195942
36.0,-60.5,14.371506
36.5,4.0,7.5287
36.5,-8.5,36.557724
36.5,-18.5,74.91189
36.5,-23.0,89.70612
36.5,-23.5,91.05043
36.5,-41.5,78.62393
36.5,-49.5,47.441734
36.5,-60.5,15.024706
37.0,4.0,7.2266297
37.0,-8.5,35.72653
37.0,-18.5,73.71256
37.0,-23.0,88.58385
37.0,-29.5,100.000824
37.0,-30.0,100.2323
37.0,-30.5,100.36298
37.0,-31.0,100.39224
37.0,-31.5,100.31972
37.0,-32.0,100.14536
37.0,-32.5,99.86941
37.0,-33.0,99.49242
37.0,-41.5,79.5553
37.0,-49.5,48.622364
37.0,-60.5,15.675723
37.5,4.0,6.947027
37.5,-8.5,34.939056
37.5,-18.0,70.62899
37.5,-18.5,72.48079
37.5,-22.5,85.91713
37.5,-23.0,87.366394
37.5,-28.0,97.82097
37.5,-28.5,98.39868
37.5,-29.0,98.88202
37.5,-29.5,99.26933
37.5,-33.0,99.208786
37.5,-33.5,98.80066
37.5,-41.5,80.336136
37.5,-49.5,49.73138
37.5,-60.5,16.321762
38.0,4.0,6.6912694
38.0,-8.5,34.203888
38.0,-18.0,69.39626
38.0,-22.5,84.61041
38.0,-27.5,96.069176
38.0,-28.0,96.781425
38.0,-33.5,98.40145
38.0,-41.5,80.962
38.0,-42.0,79.27065
38.0,-49.5,50.762604
38.0,-60.5,16.959942
38.5,4.0,6.4605966
38.5,-8.0,31.910152
38.5,-8.5,33.5293
38.5,-18.0,68.16447
38.5,-22.0,81.73323
38.5,-22.5,83.24136
38.5,-27.0,94.023254
38.5,-27.5,94.854904
38.5,-33.5,97.82152
38.5,-42.0,79.79041
38.5,-49.5,51.710213
38.5,-60.5,17.587315
39.0,4.0,6.256105
39.0,-8.0,31.329088
39.0,-17.5,65.147804
39.0,-18.0,66.94708
39.0,-22.0,80.32722
39.0,-26.5,91.72703
39.0,-27.0,92.661316
39.0,-33.5,97.06589
39.0,-42.0,80.15268
39.0,-49.5,52.568787
39.0,-50.0,50.67125
39.0,-60.0,19.320175
39.0,-60.5,18.200888
39.5,4.0,6.0787454
39.5,-8.0,30.8232
39.5,-17.5,63.99577
39.5,-22.0,78.893684
39.5,-26.5,90.247
39.5,-33.5,96.14065
39.5,-42.0,80.355484
39.5,-50.0,51.44968
39.5,-60.0,19.937445
40.0,4.0,5.9293175
40.0,-8.0,30.399086
40.0,-17.5,62.890022
40.0,-21.5,75.956
40.0,-22.0,77.44643
40.0,-26.0,87.66143
40.0,-26.5,88.68332
40.0,-33.5,95.05292
40.0,-34.0,94.87007
40.0,-42.0,80.397835
40.0,-50.0,52.134224
40.0,-60.0,20.532686
40.5,4.0,5.8084664
40.5,-8.0,30.062788
40.5,-17.0,60.15696
40.5,-17.5,61.84291
40.5,-21.5,74.54627
40.5,-26.0,86.03188
40.5,-34.0,93.684296
40.5,-42.0,80.27971
40.5,-50.0,52.72085
40.5,-60.0,21.102795
41.0,4.0,5.7166805
41.0,-8.0,29.81973
41.0,-17.0,59.23346
41.0,-21.0,71.71588
41.0,-21.5,73.15727
41.0,-25.5,83.29411
41.0,-26.0,84.352684
41.0,-34.0,92.34909
41.0,-42.0,80.00207
41.0,-42.5,78.611305
41.0,-50.0,53.20608
41.0,-60.0,21.644724
41.5,4.0,5.654286
41.5,-8.0,29.674665
41.5,-17.0,58.395786
41.5,-21.0,70.41472
41.5,-25.5,81.60374
41.5,-34.0,90.87371
41.5,-42.5,78.24295
41.5,-50.0,53.58703
41.5,-60.0,22.155521
42.0,4.0,5.6214466
42.0,-8.0,29.631624
42.0,-16.5,56.12386
42.0,-17.0,57.653835
42.0,-21.0,69.16626
42.0,-25.5,79.8982
42.0,-34.0,89.2681
42.0,-42.5,77.721306
42.0,-50.0,53.86141
42.0,-59.5,23.881342
42.0,-60.0,22.632359
42.5,4.0,5.6181583
42.5,-8.0,29.69386
42.5,-16.5,55.550167
42.5,-20.5,66.696075
42.5,-21.0,67.981834
42.5,-25.0,77.1922
42.5,-25.5,78.19039
42.5,-29.5,84.612015
42.5,-30.0,85.18827
42.5,-34.0,87.5428
42.5,-42.5,77.04974
42.5,-50.0,54.027576
42.5,-59.5,24.326075
43.0,4.0,5.6442494
43.0,-8.0,29.863808
43.0,-16.5,55.09202
43.0,-20.5,65.66087
43.0,-25.0,75.5476
43.0,-29.5,82.659874
43.0,-30.0,83.228004
43.0,-34.0,85.70884
43.0,-42.5,76.23251
43.0,-50.0,54.08455
43.0,-59.5,24.728811
43.5,4.0,5.6993766
43.5,-8.0,30.143045
43.5,-16.0,53.402725
43.5,-16.5,54.755787
43.5,-20.5,64.71532
43.5,-25.0,73.93254
43.5,-29.5,80.668755
43.5,-30.0,81.22147
43.5,-34.0,83.777626
43.5,-42.5,75.27469
43.5,-50.0,54.031994
43.5,-59.5,25.08721
44.0,4.0,5.783024
44.0,-8.0,30.532257
44.0,-16.0,53.261696
44.0,-20.0,62.79627
44.0,-20.5,63.86744
44.0,-25.0,72.35792
44.0,-30.0,79.181046
44.0,-34.0,81.760826
44.0,-42.5,74.18214
44.0,-50.0,53.870255
44.0,-50.5,52.2883
44.0,-59.5,25.399164
44.5,4.0,5.8945026
44.5,-8.0,31.0312
44.5,-16.0,53.253082
44.5,-20.0,62.142906
44.5,-25.0,70.833786
44.5,-30.0,77.11877
44.5,-30.5,77.58411
44.5,-34.0,79.670265
44.5,-42.5,72.961464
44.5,-50.5,52.067966
44.5,-59.5,25.66282
45.0,4.0,6.0329494
45.0,-8.0,31.63869
45.0,-8.5,33.081787
45.0,-16.0,53.37901
45.0,-20.0,61.603786
45.0,-25.0,69.369225
45.0,-30.5,75.48076
45.0,-34.0,77.51779
45.0,-42.5,71.61991
45.0,-50.5,51.74363
45.0,-59.5,25.876604
45.5,4.0,6.1973295
45.5,-8.5,33.80266
45.5,-15.5,52.529175
45.5,-16.0,53.640175
45.5,-20.0,61.18268
45.5,-24.5,67.38443
45.5,-25.0,67.97228
45.5,-30.5,73.37159
45.5,-31.0,73.74339
45.5,-34.0,75.315186
45.5,-42.5,70.16533
45.5,-50.5,51.31727
45.5,-59.5,26.039227
46.0,4.0,6.386434
46.0,-8.5,34.630352
46.0,-15.5,52.991985
46.0,-19.5,60.161137
46.0,-20.0,60.88193
46.0,-24.5,66.15882
46.0,-31.0,71.60111
46.0,-34.0,73.074066
46.0,-34.5,73.20699
46.0,-42.5,68.606064
46.0,-50.5,50.791462
46.0,-59.5,26.149708
46.5,4.0,6.5988865
46.5,-8.5,35.56073
46.5,-15.5,53.587017
46.5,-19.5,60.08332
46.5,-24.5,65.018684
46.5,-31.0,69.467636
46.5,-34.5,70.93756
46.5,-42.5,66.95091
46.5,-50.5,50.16937
46.5,-59.5,26.207375
47.0,4.0,6.833144
47.0,-8.5,36.588684
47.0,-15.5,54.310352
47.0,-19.5,60.128273
47.0,-24.5,63.96801
47.0,-31.0,67.352615
47.0,-31.5,67.58334
47.0,-34.5,68.64637
47.0,-42.5,65.209015
47.0,-50.5,49.454693
47.0,-59.5,26.21188
47.5,4.0,7.087504
47.5,-8.5,37.708107
47.5,-15.5,55.156647
47.5,-19.5,60.29349
47.5,-24.5,63.009514
47.5,-31.5,65.44623
47.5,-34.5,66.34406
47.5,-42.5,63.389767
47.5,-50.5,48.651646
47.5,-59.0,27.33189
47.5,-59.5,26.163193
48.0,4.0,7.360109
48.0,-8.5,38.91195
48.0,-15.5,56.11916
48.0,-19.5,60.575024
48.0,-24.5,62.144596
48.0,-31.5,63.339397
48.0,-34.5,64.04081
48.0,-42.5,61.50277
48.0,-50.5,47.764908
48.0,-59.0,27.203703
48.5,4.0,7.6489553
48.5,-8.5,40.192238
48.5,-15.5,57.189796
48.5,-19.5,60.967484
48.5,-24.5,61.373363
48.5,-31.5,61.270508
48.5,-32.0,61.345436
48.5,-34.5,61.746197
48.5,-42.5,59.557713
48.5,-50.5,46.799583
48.5,-59.0,27.021185
49.0,4.0,7.951904
49.0,-8.5,41.54014
49.0,-15.5,58.359177
49.0,-19.5,61.464115
49.0,-24.5,60.69464
49.0,-32.0,59.26365
49.0,-34.0,59.421936
49.0,-34.5,59.4692
49.0,-42.5,57.564297
49.0,-50.5,45.761154
49.0,-59.0,26.785437
49.5,4.0,8.26669
49.5,-8.5,42.94602
49.5,-15.5,59.616703
49.5,-19.5,62.05686
49.5,-24.5,60.10601
49.5,-32.0,57.228558
49.5,-34.0,57.201805
49.5,-42.5,55.532173
49.5,-50.5,44.65541
49.5,-59.0,26.497877
50.0,4.0,8.590936
50.0,-8.5,44.399494
50.0,-15.5,60.950657
50.0,-19.5,62.736435
50.0,-24.5,59.603848
50.0,-32.0,55.245625
50.0,-34.0,55.019062
50.0,-42.0,53.760212
50.0,-42.5,53.470844
50.0,-50.5,43.488422
50.0,-59.0,26.160225
50.5,4.0,8.922168
50.5,-8.5,45.88954
50.5,-9.0,47.54381
50.5,-15.0,61.77199
50.5,-15.5,62.34831
50.5,-19.5,63.49243
50.5,-24.5,59.183414
50.5,-32.0,53.319427
50.5,-34.0,52.880127
50.5,-42.0,51.64097
50.5,-50.5,42.26647
50.5,-59.0,25.774477
51.0,4.0,9.25783
51.0,-9.0,49.09199
51.0,-15.0,63.2683
51.0,-19.0,64.5719
51.0,-19.5,64.31342
51.0,-24.5,58.838905
51.0,-32.0,51.453655
51.0,-33.5,50.91285
51.0,-34.0,50.790615
51.0,-42.0,49.514297
51.0,-50.5,40.996
51.0,-59.0,25.342897
51.5,4.0,9.595303
51.5,3.5,10.54161
51.5,-9.0,50.6542
51.5,-15.0,64.7982
51.5,-19.0,65.5424
51.5,-24.5,58.563564
51.5,-31.5,49.97025
51.5,-32.0,49.65112
51.5,-33.5,48.92736
51.5,-42.0,47.388874
51.5,-50.5,39.683537
51.5,-59.0,24.867992
52.0,3.5,10.91128
52.0,-9.0,52.217632
52.0,-15.0,66.34663
52.0,-19.0,66.55004
52.0,-24.5,58.34977
52.0,-31.5,48.30611
52.0,-33.5,47.00213
52.0,-41.5,45.40697
52.0,-42.0,45.272934
52.0,-50.5,38.33567
52.0,-59.0,24.352482
52.5,3.5,11.27702
52.5,-9.0,53.7692
52.5,-15.0,67.89802
52.5,-19.0,67.58079
52.5,-19.5,67.03965
52.5,-24.5,58.189148
52.5,-31.5,46.708965
52.5,-33.0,45.460438
52.5,-33.5,45.139885
52.5,-41.5,43.287277
52.5,-50.5,36.958977
52.5,-58.5,24.634836
53.0,3.5,11.63589
53.0,-9.0,55.295677
53.0,-15.0,69.436516
53.0,-19.5,67.99072
53.0,-24.5,58.07271
53.0,-31.5,45.178608
53.0,-33.0,43.722534
53.0,-41.5,41.19529
53.0,-50.0,36.120255
53.0,-50.5,35.55997
53.0,-58.5,24.006933
53.5,3.5,11.984964
53.5,-9.0,56.78382
53.5,-15.0,70.946144
53.5,-19.5,68.9392
53.5,-24.5,57.990955
53.5,-31.5,43.71411
53.5,-32.5,42.54664
53.5,-33.0,42.05109
53.5,-41.0,39.20732
53.5,-41.5,39.13759
53.5,-50.0,34.65653
53.5,-58.5,23.347576
54.0,3.5,12.321369
54.0,-9.0,58.2205
54.0,-15.0,72.41093
54.0,-19.5,69.870544
54.0,-24.5,57.93403
54.0,-31.0,43.065464
54.0,-32.5,41.00562
54.0,-41.0,37.181416
54.0,-50.0,33.185345
54.0,-58.5,22.660269
54.5,3.5,12.642302
54.5,-9.0,59.592823
54.5,-15.0,73.81511
54.5,-19.5,70.77024
54.5,-24.5,57.891827
54.5,-31.0,41.802197
54.5,-32.0,40.21857
54.5,-32.5,39.529495
54.5,-40.5,35.258812
54.5,-41.0,35.20377
54.5,-50.0,31.712841
54.5,-58.5,21.948584
55.0,3.5,12.945056
55.0,-9.0,60.88827
55.0,-15.0,75.14328
55.0,-19.5,71.623985
55.0,-24.5,57.854164
55.0,-30.5,41.567707
55.0,-31.0,40.596046
55.0,-32.0,38.870975
55.0,-40.5,33.333824
55.0,-49.5,30.598728
55.0,-50.0,30.2449
55.0,-58.5,21.216125
55.5,3.5,13.227052
55.5,-9.0,62.094833
55.5,-14.5,76.026955
55.5,-15.0,76.380585
55.5,-19.5,72.41785
55.5,-24.5,57.810886
55.5,-30.5,40.487827
55.5,-31.5,38.474876
55.5,-32.0,37.58223
55.5,-40.5,31.467627
55.5,-49.5,29.102388
55.5,-58.5,20.466515
56.0,3.5,13.485858
56.0,-9.0,63.201122
56.0,-14.5,77.181595
56.0,-19.5,73.13842
56.0,-24.5,57.75201
56.0,-30.0,40.64531
56.0,-30.5,39.45396
56.0,-31.0,38.340363
56.0,-31.5,37.30543
56.0,-40.0,29.736975
56.0,-49.5,27.62395
56.0,-58.5,19.703342
56.5,3.5,13.719215
56.5,3.0,15.032281
56.5,-9.0,64.196495
56.5,-14.5,78.21628
56.5,-19.5,73.772964
56.5,-24.5,57.667866
56.5,-30.0,39.72037
56.5,-30.5,38.461506
56.5,-31.0,37.28273
56.5,-40.0,28.00512
56.5,-49.0,26.3925
56.5,-49.5,26.168303
56.5,-58.5,18.930153
57.0,3.0,15.257584
57.0,-9.0,65.07117
57.0,-14.5,79.118744
57.0,-19.5,74.30959
57.0,-24.5,57.549194
57.0,-30.0,38.827435
57.0,-30.5,37.505745
57.0,-39.5,26.454893
57.0,-49.0,24.934353
57.0,-58.0,18.63116
57.0,-58.5,18.150415
57.5,3.0,15.450727
57.5,-9.0,65.81632
57.5,-14.5,79.87786
57.5,-19.5,74.73735
57.5,-24.5,57.387283
57.5,-25.0,55.431725
57.5,-29.5,39.422558
57.5,-30.0,37.961403
57.5,-39.5,24.87154
57.5,-49.0,23.510056
57.5,-58.0,17.813118
58.0,3.0,15.6099415
58.0,-9.0,66.424194
58.0,-14.5,80.48374
58.0,-19.5,75.04638
58.0,-25.0,55.160114
58.0,-29.0,40.226894
58.0,-29.5,38.632187
58.0,-39.0,23.530224
58.0,-39.5,23.357748
58.0,-48.5,22.248154
58.0,-49.0,22.123219
58.0,-58.0,16.996454
58.5,3.0,15.733727
58.5,-9.0,66.888145
58.5,-14.5,80.92785
58.5,-19.5,75.22799
58.5,-25.0,54.837353
58.5,-28.5,41.216457
58.5,-29.0,39.496513
58.5,-38.5,22.32829
58.5,-39.0,22.101095
58.5,-48.5,20.880672
58.5,-58.0,16.184345
59.0,3.0,15.820875
59.0,2.5,17.290812
59.0,-9.0,67.20275
59.0,-14.5,81.20307
59.0,-19.5,75.274765
59.0,-25.0,54.457066
59.0,-28.0,42.36374
59.0,-28.5,40.529133
59.0,-29.0,38.766148
59.0,-38.5,20.984568
59.0,-48.5,19.55877
59.0,-58.0,15.379789
59.5,2.5,17.344833
59.5,-9.0,67.36382
59.5,-14.5,81.30381
59.5,-19.5,75.18064
59.5,-25.0,54.013718
59.5,-27.5,43.63825
59.5,-28.0,41.70165
59.5,-28.5,39.830494
59.5,-38.0,20.015202
59.5,-38.5,19.70772
59.5,-48.0,18.339998
59.5,-48.5,18.284658
59.5,-58.0,14.585592
60.0,2.5,17.357174
60.0,-9.0,67.36848
60.0,-14.0,80.83107
60.0,-14.5,81.226
60.0,-19.5,74.94096
60.0,-20.0,73.41615
60.0,-25.0,53.502655
60.0,-25.5,51.33903
60.0,-26.5,47.080746
60.0,-27.0,45.0071
60.0,-27.5,42.983063
60.0,-28.0,41.01699
60.0,-28.5,39.116295
60.0,-38.0,18.819979
60.0,-48.0,17.101748
60.0,-58.0,13.804358
60.5,2.5,17.327509
60.5,2.0,18.88971
60.5,-9.0,67.21514
60.5,-14.0,80.58324
60.5,-20.0,73.012436
60.5,-25.5,50.73608
60.5,-26.0,48.570934
60.5,-26.5,46.43565
60.5,-27.5,42.294365
60.5,-28.0,40.306038
60.5,-37.5,18.08019
60.5,-47.5,15.937518
60.5,-48.0,15.916238
60.5,-58.0,13.038476
61.0,2.0,18.811441
61.0,-9.0,66.90356
61.0,-14.0,80.15324
61.0,-20.0,72.46384
61.0,-25.0,52.263485
61.0,-25.5,50.066605
61.0,-26.0,47.888206
61.0,-27.0,43.62975
61.0,-27.5,41.569115
61.0,-37.0,17.488543
61.0,-37.5,17.021366
61.0,-47.5,14.796592
61.0,-58.0,12.290116
61.5,2.0,18.687801
61.5,-9.0,66.43479
61.5,-14.0,79.541855
61.5,-20.0,71.769905
61.5,-20.5,70.09152
61.5,-24.5,53.73938
61.5,-25.0,51.530834
61.5,-26.0,47.14455
61.5,-26.5,44.98929
61.5,-27.0,42.87301
61.5,-36.5,17.04274
61.5,-37.0,16.498394
61.5,-47.0,13.711293
61.5,-47.5,13.711194
61.5,-57.5,11.769036
61.5,-58.0,11.56122
62.0,2.0,18.519535
62.0,-9.0,65.81117
62.0,-14.0,78.75141
62.0,-20.5,69.25516
62.0,-21.0,67.46693
62.0,-23.5,57.30831
62.0,-24.0,55.12726
62.0,-24.5,52.927406
62.0,-36.5,16.114567
62.0,-47.0,12.67631
62.0,-57.5,11.039726
62.5,2.0,18.307732
62.5,1.5,19.90799
62.5,-9.0,65.03629
62.5,-14.0,77.78572
62.5,-21.5,64.624115
62.5,-22.0,62.66065
62.5,-22.5,60.62527
62.5,-23.0,58.5314
62.5,-23.5,56.39241
62.5,-36.0,15.864268
62.5,-36.5,15.232763
62.5,-46.5,11.687682
62.5,-47.0,11.697631
62.5,-57.5,10.33462
63.0,1.5,19.631767
63.0,-9.0,64.11491
63.0,-14.0,76.650055
63.0,-35.5,15.73987
63.0,-36.0,15.031585
63.0,-46.5,10.762484
63.0,-57.5,9.654939
63.5,1.5,19.311646
63.5,-9.0,63.052914
63.5,-14.0,75.35101
63.5,-14.5,75.67261
63.5,-35.0,15.731923
63.5,-35.5,14.9477625
63.5,-46.0,9.88177
63.5,-46.5,9.892605
63.5,-57.5,9.001677
64.0,1.5,18.949823
64.0,-9.0,61.85723
64.0,-14.5,74.207855
64.0,-34.5,15.8293705
64.0,-35.0,14.971388
64.0,-46.0,9.065937
64.0,-57.0,8.483087
64.0,-57.5,8.375605
64.5,1.5,18.54878
64.5,1.0,20.119415
64.5,-9.0,60.535725
64.5,-14.5,72.596596
64.5,-34.0,16.019775
64.5,-34.5,15.091138
64.5,-45.5,8.298371
64.5,-46.0,8.302989
64.5,-57.0,7.8708
65.0,1.0,19.644762
65.0,-9.0,59.0971
65.0,-9.5,60.829647
65.0,-14.5,70.84887
65.0,-33.5,16.28957
65.0,-34.0,15.294502
65.0,-45.0,7.5926476
65.0,-45.5,7.5879045
65.0,-57.0,7.2879124
65.5,1.0,19.133747
65.5,-9.5,59.237053
65.5,-14.5,68.9756
65.5,-15.0,69.08665
65.5,-33.0,16.624306
65.5,-33.5,15.568028
65.5,-45.0,6.933467
65.5,-57.0,6.734521
66.0,1.0,18.58977
66.0,-9.5,57.54413
66.0,-15.0,67.09382
66.0,-32.5,17.008928
66.0,-33.0,15.897566
66.0,-44.5,6.3406906
66.0,-45.0,6.321558
66.0,-56.5,6.2637515
66.0,-57.0,6.210543
66.5,1.0,18.016392
66.5,0.5,19.49294
66.5,-9.5,55.761707
66.5,-15.0,64.99971
66.5,-15.5,64.93916
66.5,-31.5,18.662006
66.5,-32.0,17.42804
66.5,-32.5,16.26853
66.5,-44.0,5.8096447
66.5,-44.5,5.775895
66.5,-56.5,5.7601404
67.0,0.5,18.844696
67.0,-9.5,53.901012
67.0,-10.0,55.340153
67.0,-15.5,62.756496
67.0,-16.0,62.541344
67.0,-16.5,62.173447
67.0,-31.0,19.137583
67.0,-31.5,17.866175
67.0,-44.0,5.289365
67.0,-56.5,5.286296
67.5,0.5,18.172699
67.5,-10.0,53.36062
67.5,-16.5,59.932663
67.5,-17.0,59.431297
67.5,-17.5,58.789276
67.5,-18.0,58.01154
67.5,-30.5,19.60805
67.5,-31.0,18.308067
67.5,-43.5,4.8607564
67.5,-44.0,4.8091598
67.5,-56.5,4.84161
68.0,0.5,17.481054
68.0,-10.0,51.324524
68.0,-10.5,52.56262
68.0,-18.5,54.902245
68.0,-19.0,53.90856
68.0,-19.5,52.80372
68.0,-20.0,51.595715
68.0,-29.5,21.43855
68.0,-30.0,20.05823
68.0,-43.0,4.4881606
68.0,-43.5,4.4194055
68.0,-56.0,4.4447474
68.0,-56.5,4.425355
68.5,0.5,16.773867
68.5,0.0,18.103142
68.5,-10.5,50.431217
68.5,-11.0,51.51871
68.5,-20.0,49.47771
68.5,-20.5,48.22546
68.5,-21.0,46.89108
68.5,-21.5,45.48367
68.5,-22.0,44.01262
68.5,-28.0,24.780422
68.5,-28.5,23.295507
68.5,-29.0,21.858597
68.5,-29.5,20.47382
68.5,-43.0,4.0822964
68.5,-56.0,4.051222
69.0,0.0,17.327496
69.0,-11.0,49.306633
69.0,-11.5,50.24403
69.0,-22.0,42.091766
69.0,-22.5,40.629498
69.0,-23.0,39.124596
69.0,-23.5,37.586285
69.0,-24.0,36.023674
69.0,-24.5,34.445698
69.0,-25.0,32.861
69.0,-25.5,31.277905
69.0,-26.0,29.704315
69.0,-26.5,28.14768
69.0,-27.0,26.614933
69.0,-27.5,25.112455
69.0,-28.0,23.64605
69.0,-42.5,3.7951252
69.0,-43.0,3.708976
69.0,-55.5,3.6918802
69.0,-56.0,3.6850696
69.5,0.0,16.543764
69.5,-11.5,47.966976
69.5,-12.0,48.756794
69.5,-42.0,3.5547433
69.5,-42.5,3.4511843
69.5,-55.5,3.3488317
70.0,0.0,15.756117
70.0,-12.0,46.43123
70.0,-12.5,47.077866
70.0,-13.0,47.614727
70.0,-41.0,3.5003254
70.0,-41.5,3.3576462
70.0,-42.0,3.2366164
70.0,-55.5,3.0315223
70.5,-0.5,16.114363
70.5,-13.0,45.230267
70.5,-13.5,45.631798
70.5,-14.0,45.922386
70.5,-40.5,3.36101
70.5,-41.0,3.2000573
70.5,-55.0,2.734991
70.5,-55.5,2.7387352
71.0,-0.5,15.270716
71.0,-14.0,43.51355
71.0,-14.5,43.68129
71.0,-39.5,3.4607105
71.0,-40.0,3.2565956
71.0,-40.5,3.0780044
71.0,-55.0,2.4639945
71.5,-0.5,14.435149
71.5,-1.0,15.501296
71.5,-14.5,41.28687
71.5,-15.0,41.342537
71.5,-15.5,41.295364
71.5,-38.5,3.6537974
71.5,-39.0,3.404222
71.5,-39.5,3.1827478
71.5,-54.5,2.2071583
71.5,-55.0,2.2153728
72.0,-1.0,14.616554
72.0,-15.5,38.934017
72.0,-16.0,38.792507
72.0,-37.5,3.9348104
72.0,-38.0,3.6385863
72.0,-38.5,3.3726432
72.0,-54.5,1.9789981
72.5,-1.0,13.747931
72.5,-16.0,36.4831
72.5,-16.5,36.259758
72.5,-36.0,4.6720743
72.5,-36.5,4.2956867
72.5,-37.0,3.9528966
72.5,-37.5,3.642053
72.5,-54.0,1.7603803
72.5,-54.5,1.7708521
73.0,-1.0,12.898667
73.0,-1.5,13.816723
73.0,-16.5,34.016098
73.0,-17.0,33.72348
73.0,-17.5,33.350346
73.0,-35.0,5.1479607
73.0,-35.5,4.725735
73.0,-36.0,4.337867
73.0,-53.5,1.559529
73.0,-54.0,1.5709486
73.5,-1.5,12.930859
73.5,-2.0,13.816616
73.5,-17.5,31.20831
73.5,-18.0,30.786
73.5,-33.5,6.175492
73.5,-34.0,5.6760025
73.5,-34.5,5.2117076
73.5,-35.0,4.781744
73.5,-53.5,1.387979
74.0,-2.0,12.898487
74.0,-18.0,28.7368
74.0,-18.5,28.277214
74.0,-19.0,27.75595
74.0,-31.5,7.9459515
74.0,-32.0,7.342904
74.0,-32.5,6.7739096
74.0,-33.0,6.2390084
74.0,-33.5,5.737996
74.0,-53.0,1.2216022
74.0,-53.5,1.232829
74.5,-2.0,12.01132
74.5,-2.5,12.802035
74.5,-19.0,25.843449
74.5,-19.5,25.303793
74.5,-20.0,24.71402
74.5,-29.0,10.648796
74.5,-29.5,9.937678
74.5,-30.0,9.253991
74.5,-30.5,8.599178
74.5,-31.0,7.974374
74.5,-31.5,7.380414
74.5,-52.5,1.0712973
74.5,-53.0,1.0821995
75.0,-2.5,11.891746
75.0,-3.0,12.6429405
75.0,-20.0,22.953339
75.0,-20.5,22.362476
75.0,-21.0,21.732922
75.0,-27.0,12.741861
75.0,-27.5,11.9981165
75.0,-28.0,11.271483
75.0,-28.5,10.564497
75.0,-29.0,9.879395
75.0,-52.0,0.9363946
75.0,-52.5,0.94661057
75.5,-3.0,11.714649
75.5,-3.5,12.423556
75.5,-21.0,20.133879
75.5,-21.5,19.518332
75.5,-22.0,18.874878
75.5,-22.5,18.207638
75.5,-23.0,17.520767
75.5,-23.5,16.818415
75.5,-24.0,16.104685
75.5,-24.5,15.383595
75.5,-25.0,14.659045
75.5,-25.5,13.934779
75.5,-26.0,13.214362
75.5,-26.5,12.501149
75.5,-27.0,11.798269
75.5,-52.0,0.8253485
76.0,-3.5,11.482637
76.0,-4.0,12.147099
76.0,-51.5,0.7176022
76.0,-52.0,0.72604203
76.5,-4.0,11.199091
76.5,-4.5,11.817561
76.5,-51.0,0.62249
76.5,-51.5,0.6297603
77.0,-4.5,10.868074
77.0,-5.0,11.439628
77.0,-50.5,0.53908396
77.0,-51.0,0.54506147
77.5,-5.0,10.494243
77.5,-5.5,11.018555
77.5,-50.0,0.466432
77.5,-50.5,0.47104064
78.0,-6.0,10.560051
78.0,-6.5,11.032354
78.0,-49.5,0.4035771
78.0,-50.0,0.40678135
78.5,-6.5,10.070152
78.5,-7.0,10.494276
78.5,-49.0,0.34957403
78.5,-49.5,0.35137275
79.0,-7.0,9.555089
79.0,-7.5,9.932656
79.0,-48.5,0.30350313
79.0,-49.0,0.3039237
79.5,-7.5,9.0211525
79.5,-8.0,9.354206
79.5,-48.0,0.2644816
79.5,-48.5,0.26357466
80.0,-8.0,8.474576
80.0,-8.5,8.765509
80.0,-9.0,9.043797
80.0,-47.0,0.23517586
80.0,-47.5,0.23167217
80.0,-48.0,0.2295069
80.5,-9.0,8.172895
80.5,-9.5,8.411314
80.5,-46.5,0.20901842
80.5,-47.0,0.2042895
81.0,-9.5,7.5823417
81.0,-10.0,7.784048
81.0,-10.5,7.9711714
81.0,-45.5,0.19491069
81.0,-46.0,0.18745185
81.0,-46.5,0.18160456
81.5,-10.5,7.1676335
81.5,-11.0,7.321612
81.5,-11.5,7.4602284
81.5,-44.5,0.18859835
81.5,-45.0,0.1782841
81.5,-45.5,0.16979903
82.0,-11.5,6.691445
82.0,-12.0,6.801107
82.0,-12.5,6.8953114
82.0,-13.0,6.9733706
82.0,-43.5,0.18929063
82.0,-44.0,0.17604
82.0,-44.5,0.16482638
82.5,-13.0,6.2391334
82.5,-13.5,6.2940106
82.5,-14.0,6.3335223
82.5,-42.5,0.19615847
82.5,-43.0,0.17994085
82.5,-43.5,0.16595232
83.0,-14.0,5.652503
83.0,-14.5,5.6737866
83.0,-15.0,5.6809363
83.0,-15.5,5.673899
83.0,-41.0,0.23011115
83.0,-41.5,0.208333
83.0,-42.0,0.18917501
83.5,-16.0,5.0323024
83.5,-16.5,5.0010104
83.5,-17.0,4.9575114
83.5,-17.5,4.90213
83.5,-39.5,0.2774003
83.5,-40.0,0.24966387
83.5,-40.5,0.22490305
83.5,-41.0,0.20289548
84.0,-17.5,4.3531785
84.0,-18.0,4.293803
84.0,-18.5,4.2246723
84.0,-19.0,4.1462874
84.0,-19.5,4.0592084
84.0,-37.5,0.37421805
84.0,-38.0,0.3368974
84.0,-38.5,0.3030462
84.0,-39.0,0.2724549
84.0,-39.5,0.2449144
84.5,-20.0,3.511329
84.5,-20.5,3.4204576
84.5,-21.0,3.3236334
84.5,-21.5,3.2215028
84.5,-22.0,3.1147327
84.5,-22.5,3.004003
84.5,-23.0,2.8899994
84.5,-35.0,0.5484154
84.5,-35.5,0.49729195
84.5,-36.0,0.45010108
84.5,-36.5,0.40668765
84.5,-37.0,0.36688545
84.5,-37.5,0.33051986
85.0,-23.0,2.5535004
85.0,-23.5,2.4504695
85.0,-24.0,2.345748
85.0,-24.5,2.2399223
85.0,-25.0,2.1335602
85.0,-25.5,2.027208
85.0,-26.0,1.9213853
85.0,-26.5,1.8165811
85.0,-27.0,1.7132515
85.0,-27.5,1.6118159
85.0,-28.0,1.5126567
85.0,-31.5,0.90595394
85.0,-32.0,0.8339632
85.0,-32.5,0.76591086
85.0,-33.0,0.7018024
85.0,-33.5,0.6416148
85.0,-34.0,0.5852995
85.0,-34.5,0.5327846
85.0,-35.0,0.48397776
85.5,-28.0,1.3330561
85.5,-28.5,1.2479506
85.5,-29.0,1.1654183
85.5,-29.5,1.0856898
85.5,-30.0,1.0089595
85.5,-30.5,0.9353875
85.5,-31.0,0.865099
85.5,-31.5,0.798187